Episode,Reward,Success,Steps,Wall_Hits,Penalty_Hits
1,-1904,0,500,118,18
2,-2015,0,500,130,13
3,-1663,0,500,89,1
4,-1867,0,500,97,26
5,-1969,0,500,95,22
6,-1951,0,500,93,22
7,-1840,0,500,94,26
8,-1882,0,500,114,11
9,-1594,0,500,79,15
10,-2592,0,500,110,58
11,-1342,1,397,96,7
12,-1575,0,500,95,9
13,-1498,0,500,94,8
14,-1818,0,500,119,13
15,-1223,1,386,100,2
16,-1259,1,494,92,2
17,-1258,1,329,51,12
18,-1640,0,500,95,15
19,-1581,0,500,99,10
20,-2075,0,500,92,29
21,-2425,0,500,121,44
22,-1413,0,500,93,4
23,-1654,0,500,105,11
24,-1634,0,500,88,18
25,-1945,0,500,99,24
26,-1558,0,500,107,5
27,-2038,0,500,90,28
28,-910,1,224,30,4
29,-1688,0,500,78,23
30,-2060,0,500,100,27
31,-1400,0,500,81,9
32,-1568,0,500,68,24
33,-1718,0,500,75,26
34,-2292,0,500,124,33
35,-1657,0,500,102,10
36,-573,1,226,38,3
37,-1364,0,500,77,9
38,-1331,0,500,70,8
39,-1567,0,500,89,14
40,-1616,0,500,108,5
41,-1753,0,500,122,3
42,-1712,0,500,77,17
43,-1470,0,500,74,16
44,-1714,0,500,60,20
45,-1398,0,500,85,7
46,-1004,1,366,80,1
47,-1472,0,500,89,9
48,-1651,0,500,63,23
49,-1179,0,500,48,13
50,-1373,0,500,65,10
51,-1470,0,500,93,7
52,-1549,0,500,106,5
53,-1725,0,500,86,16
54,-895,1,329,53,10
55,-2044,0,500,123,23
56,-1604,0,500,91,15
57,-1358,0,500,70,12
58,-1381,0,500,62,17
59,-1176,1,413,77,9
60,-1491,0,500,60,16
61,-2094,0,500,85,23
62,-1274,0,500,67,9
63,-1570,0,500,54,23
64,-1491,0,500,70,19
65,-1951,0,500,81,38
66,-1390,0,500,66,13
67,-1539,0,500,71,3
68,-1711,0,500,70,28
69,-1752,0,500,118,10
70,-1415,0,500,70,15
71,-1485,0,500,63,22
72,-1457,0,500,58,10
73,-1810,0,500,119,10
74,-270,1,114,18,5
75,-1221,0,500,59,10
76,-1463,0,500,88,9
77,-1844,0,500,67,39
78,-1849,0,500,95,26
79,-1505,0,500,51,21
80,-2297,0,500,114,38
81,-1226,1,397,39,15
82,-1289,0,500,75,6
83,-1006,1,402,56,8
84,-1531,0,500,66,23
85,-1246,0,500,50,13
86,-1238,0,500,66,5
87,-1353,0,500,61,16
88,-572,1,228,28,5
89,-1463,0,500,59,15
90,-634,1,269,37,7
91,-1639,0,500,59,32
92,-1135,1,403,63,14
93,-1193,0,500,58,9
94,-2023,0,500,108,29
95,-1462,0,500,74,13
96,-1233,0,500,57,9
97,-1290,0,500,35,25
98,-1391,0,500,80,9
99,-1529,0,500,54,26
100,-1981,0,500,100,28
101,-1167,0,500,53,10
102,-1087,1,342,56,18
103,-2233,0,500,93,42
104,-1296,0,500,42,22
105,-1188,0,500,68,4
106,-1123,0,500,65,2
107,-1268,0,500,60,12
108,-1111,0,500,51,8
109,-1398,0,500,47,25
110,-1186,0,500,53,11
111,-1327,0,500,52,6
112,-1302,0,500,71,6
113,-1243,0,500,43,11
114,-1384,0,500,81,3
115,-217,1,139,6,4
116,-753,1,250,46,10
117,-1035,0,500,51,4
118,-491,1,264,28,4
119,-1293,0,500,51,15
120,-172,1,105,9,2
121,-1260,0,500,63,5
122,-1175,0,500,56,9
123,-1497,0,500,80,12
124,-1402,0,500,54,9
125,-382,1,239,25,1
126,-1292,0,500,53,14
127,-1155,0,500,58,7
128,-1354,0,500,68,5
129,-1238,0,500,82,0
130,-1258,0,500,61,11
131,-1274,0,500,54,10
132,-1495,0,500,81,14
133,-1423,0,500,76,10
134,-1192,0,500,60,8
135,-553,1,273,23,4
136,-624,1,280,28,5
137,-1225,0,500,51,14
138,-690,1,309,27,10
139,-1044,0,500,52,4
140,-1070,0,500,38,12
141,-1100,0,500,41,7
142,-1558,0,500,81,7
143,-854,1,404,38,11
144,-1243,0,500,56,10
145,-1455,0,500,62,8
146,-771,1,295,43,10
147,-1208,0,500,66,6
148,-1294,1,472,50,12
149,-1090,0,500,39,10
150,-1206,0,500,57,5
151,-1163,0,500,61,6
152,-1698,0,500,93,19
153,-1124,0,500,63,3
154,-1058,0,500,62,0
155,-1129,0,500,40,9
156,-1207,0,500,39,11
157,-1175,0,500,56,9
158,-1491,0,500,70,19
159,-1384,0,500,75,11
160,-679,1,421,23,8
161,-983,1,401,43,13
162,-364,1,232,12,4
163,-1295,0,500,63,12
164,-584,1,294,22,5
165,-523,1,320,22,3
166,-1180,0,500,33,15
167,-1062,0,500,35,13
168,-1092,1,417,53,8
169,-1227,0,500,53,8
170,-1491,0,500,57,20
171,-1126,0,500,59,5
172,-267,1,177,17,2
173,-1489,0,500,74,17
174,-594,1,392,21,6
175,-1313,0,500,68,8
176,-974,0,500,43,2
177,-556,1,375,25,3
178,-664,1,365,23,5
179,-142,1,143,9,1
180,-1155,0,500,58,7
181,-1015,0,500,37,7
182,-1407,0,500,57,13
183,-1126,0,500,33,7
184,-1068,0,500,42,10
185,-1181,0,500,66,2
186,-1192,1,447,49,11
187,-1277,0,500,48,13
188,-981,0,500,45,4
189,-1032,0,500,57,1
190,-939,0,500,34,7
191,-277,1,221,9,4
192,-941,0,500,49,0
193,-1759,0,500,88,22
194,-985,0,500,40,4
195,-284,1,149,9,3
196,-787,1,429,35,5
197,-1068,0,500,42,10
198,-898,0,500,24,7
199,-1152,0,500,45,13
200,-1020,0,500,46,3
201,-1156,0,500,43,9
202,-1127,0,500,47,3
203,-1362,0,500,39,14
204,-958,0,500,34,8
205,-464,1,298,20,2
206,-1239,0,500,64,6
207,-526,1,336,26,3
208,-373,1,167,19,2
209,-973,1,487,29,12
210,-558,1,316,20,6
211,-939,0,500,34,7
212,-1062,0,500,54,4
213,-1006,0,500,52,2
214,-970,0,500,32,7
215,-918,0,500,38,4
216,-233,1,208,14,0
217,-860,1,420,23,15
218,-1014,0,500,55,1
219,-1043,0,500,35,12
220,-930,0,500,33,7
221,-964,0,500,41,5
222,-1360,0,500,36,5
223,-985,0,500,37,8
224,-927,0,500,39,4
225,-1159,0,500,34,16
226,-245,1,197,9,1
227,-340,1,240,16,3
228,-641,1,372,26,2
229,-998,0,500,49,3
230,-1170,0,500,50,9
231,-1190,1,429,81,7
232,-956,0,500,38,6
233,-891,0,500,35,4
234,-925,0,500,30,3
235,-649,1,339,23,3
236,-1115,0,500,62,3
237,-1121,0,500,37,10
238,-859,0,500,26,4
239,-1212,0,500,58,10
240,-908,0,500,39,3
241,-1230,0,500,41,19
242,-644,1,398,28,5
243,-924,0,500,45,1
244,-326,1,253,13,3
245,-1008,0,500,38,1
246,-1095,0,500,29,15
247,-940,0,500,35,4
248,-1170,0,500,34,14
249,-865,0,500,20,2
250,-880,0,500,38,2
251,-1078,0,500,60,2
252,-932,0,500,48,0
253,-706,1,460,28,5
254,-867,1,397,36,13
255,-48,1,103,3,1
256,-799,0,500,29,2
257,-910,0,500,35,5
258,-1104,0,500,46,10
259,-48,1,112,2,1
260,-696,1,416,26,0
261,-756,1,496,38,1
262,-291,1,255,11,2
263,-178,1,206,6,1
264,-928,0,500,37,5
265,-908,0,500,39,3
266,-233,1,206,10,2
267,-973,0,500,26,10
268,-1258,0,500,45,16
269,-1488,0,500,95,7
270,-1379,0,500,50,20
271,-911,0,500,36,2
272,-1191,0,500,62,7
273,-363,1,205,17,3
274,-956,0,500,22,11
275,-911,0,500,33,6
276,-792,0,500,24,4
277,-983,0,500,41,6
278,-889,0,500,39,2
279,-897,0,500,23,10
280,-1276,0,500,27,10
281,-998,0,500,33,8
282,-1055,0,500,33,11
283,-1018,0,500,37,2
284,-856,0,500,29,5
285,-991,0,500,25,14
286,-476,1,385,15,3
287,-949,0,500,36,4
288,-261,1,209,17,0
289,-1105,0,500,44,11
290,-1969,0,500,121,20
291,-1215,0,500,52,13
292,-145,1,165,9,0
293,-776,1,493,30,6
294,-1001,0,500,43,6
295,-399,1,336,14,2
296,-784,1,485,20,9
297,-981,0,500,45,4
298,-877,0,500,25,8
299,-502,1,366,20,3
300,-556,1,341,33,1
